country_name,country_code,Jan2020,Feb2020,Mar2020,Apr2020,May2020,Jun2020,Jul2020,Aug2020,Sep2020,Oct2020,Nov2020,Dec2020,Jan2021,Feb2021,Mar2021,Apr2021,May2021,Jun2021,Jul2021,Aug2021,Sep2021,Oct2021,Nov2021
Aruba,ABW,0.0,0.0,55.0,100.0,101.0,103.0,121.0,2006.0,3963.0,4513.0,4845.0,5489.0,6966.0,7891.0,9443.0,10638.0,10985.0,11138.0,11730.0,14576.0,15500.0,15925.0,16354.0
Afghanistan,AFG,0.0,5.0,166.0,1827.0,15180.0,31445.0,36628.0,38248.0,39354.0,41334.0,46215.0,52330.0,55023.0,55714.0,56454.0,59745.0,71838.0,118659.0,147154.0,153220.0,155174.0,156250.0,157289.0
Angola,AGO,0.0,0.0,7.0,27.0,86.0,284.0,1148.0,2654.0,4972.0,10805.0,15139.0,17553.0,19796.0,20807.0,22311.0,26652.0,34551.0,38849.0,42777.0,47544.0,56583.0,64433.0,65168.0
Albania,ALB,0.0,0.0,243.0,773.0,1137.0,2535.0,5276.0,9513.0,13649.0,20875.0,38182.0,58316.0,78127.0,107167.0,125157.0,131085.0,132315.0,132521.0,133081.0,146387.0,170131.0,185300.0,199945.0
Andorra,AND,0.0,0.0,376.0,745.0,764.0,855.0,925.0,1176.0,2050.0,4756.0,6745.0,8049.0,9937.0,10866.0,12010.0,13232.0,13727.0,13911.0,14678.0,15033.0,15222.0,15516.0,17115.0
United Arab Emirates,ARE,4.0,21.0,664.0,12481.0,34557.0,48667.0,60506.0,70231.0,94190.0,132629.0,168860.0,207822.0,303609.0,391524.0,461444.0,520236.0,570836.0,632907.0,680858.0,718370.0,735992.0,739905.0,742041.0
Argentina,ARG,0.0,0.0,1054.0,4428.0,16851.0,64530.0,191302.0,417735.0,751001.0,1166924.0,1424533.0,1625514.0,1927239.0,2107365.0,2348821.0,2977363.0,3781784.0,4470374.0,4929764.0,5185620.0,5256902.0,5288807.0,5330748.0
Australia,AUS,9.0,25.0,4559.0,6766.0,7202.0,7920.0,17280.0,25819.0,27096.0,27595.0,27912.0,28425.0,28818.0,28978.0,29322.0,29811.0,30118.0,30643.0,34383.0,55093.0,107181.0,172030.0,211655.0
Austria,AUT,0.0,9.0,10180.0,15452.0,16731.0,17766.0,21130.0,27438.0,44813.0,104925.0,282456.0,360815.0,414398.0,459440.0,546229.0,618870.0,644815.0,650412.0,659056.0,688305.0,743095.0,830981.0,1159995.0
Azerbaijan,AZE,0.0,0.0,298.0,1804.0,5494.0,17524.0,31878.0,36435.0,40229.0,55269.0,121176.0,218700.0,230219.0,234537.0,261713.0,319109.0,333956.0,336047.0,343849.0,424891.0,483902.0,531370.0,588318.0
Burundi,BDI,0.0,0.0,2.0,11.0,63.0,170.0,387.0,445.0,508.0,585.0,688.0,818.0,1632.0,2209.0,2810.0,3995.0,4790.0,5452.0,7080.0,11994.0,17728.0,20039.0,20415.0
Belgium,BEL,0.0,1.0,12775.0,48519.0,58381.0,61427.0,68751.0,85236.0,118452.0,429229.0,577345.0,646496.0,710153.0,771511.0,882453.0,990229.0,1062001.0,1085131.0,1124715.0,1184664.0,1244954.0,1360650.0,1766035.0
Benin,BEN,0.0,0.0,9.0,64.0,232.0,1199.0,1805.0,2145.0,2357.0,2643.0,3015.0,3251.0,3893.0,5434.0,7100.0,7821.0,8058.0,8199.0,8394.0,13366.0,23890.0,24749.0,24850.0
Burkina Faso,BFA,0.0,0.0,261.0,645.0,847.0,962.0,1106.0,1368.0,2056.0,2500.0,2886.0,6707.0,10682.0,11982.0,12717.0,13310.0,13434.0,13479.0,13573.0,13777.0,14243.0,14793.0,16000.0
Bangladesh,BGD,0.0,0.0,51.0,7667.0,47153.0,145483.0,237661.0,312996.0,363479.0,407684.0,464932.0,513510.0,535139.0,546216.0,611295.0,759132.0,800540.0,913258.0,1249484.0,1500618.0,1555911.0,1569539.0,1576284.0
Bulgaria,BGR,0.0,0.0,399.0,1506.0,2513.0,4989.0,11690.0,16266.0,20833.0,52844.0,145300.0,202266.0,218748.0,247038.0,342633.0,404380.0,418577.0,421829.0,425054.0,455742.0,502162.0,602492.0,695057.0
Bahrain,BHR,0.0,41.0,567.0,3040.0,11398.0,26758.0,40982.0,51972.0,70864.0,81645.0,86956.0,92675.0,103057.0,122394.0,144445.0,176934.0,240531.0,265827.0,269186.0,272540.0,275057.0,276829.0,277690.0
Bahamas,BHS,0.0,0.0,14.0,81.0,102.0,104.0,574.0,2217.0,4123.0,6714.0,7541.0,7871.0,8174.0,8519.0,9119.0,10453.0,11796.0,12586.0,14840.0,18139.0,20984.0,22351.0,22791.0
Bosnia and Herzegovina,BIH,0.0,0.0,420.0,1757.0,2510.0,4453.0,11876.0,19964.0,27469.0,50090.0,87901.0,110985.0,121497.0,130979.0,169626.0,198461.0,204012.0,205022.0,205655.0,213853.0,234775.0,252758.0,275065.0
Belarus,BLR,0.0,1.0,152.0,14027.0,42556.0,62118.0,67808.0,71843.0,78631.0,98482.0,136647.0,194284.0,248336.0,287306.0,321807.0,358738.0,394439.0,417189.0,446040.0,481532.0,538086.0,600168.0,654718.0
Belize,BLZ,0.0,0.0,3.0,18.0,18.0,24.0,48.0,1007.0,1992.0,3487.0,5854.0,10776.0,11908.0,12293.0,12456.0,12668.0,12809.0,13251.0,14163.0,16353.0,20801.0,26798.0,30431.0
Bermuda,BMU,0.0,0.0,32.0,114.0,140.0,146.0,156.0,172.0,181.0,199.0,260.0,604.0,691.0,705.0,1217.0,2393.0,2494.0,2514.0,2553.0,2923.0,5244.0,5647.0,5748.0
Bolivia,BOL,0.0,0.0,107.0,1167.0,9982.0,33219.0,76789.0,116598.0,135311.0,141757.0,144708.0,160124.0,216835.0,249010.0,272411.0,303732.0,371279.0,439624.0,473506.0,490879.0,500445.0,513584.0,537559.0
Brazil,BRA,0.0,2.0,5717.0,87187.0,514849.0,1402041.0,2662485.0,3908272.0,4810935.0,5535605.0,6335878.0,7675973.0,9204731.0,10551259.0,12748747.0,14659011.0,16545554.0,18557141.0,19917855.0,20776870.0,21427073.0,21810855.0,22094459.0
Barbados,BRB,0.0,0.0,34.0,81.0,92.0,97.0,110.0,174.0,190.0,237.0,276.0,383.0,1545.0,3068.0,3652.0,3855.0,4017.0,4081.0,4390.0,5032.0,8381.0,17763.0,25316.0
Brunei,BRN,0.0,0.0,129.0,138.0,141.0,141.0,141.0,144.0,146.0,148.0,150.0,157.0,180.0,186.0,212.0,224.0,242.0,260.0,337.0,2712.0,7116.0,13130.0,15058.0
Bhutan,BTN,0.0,0.0,4.0,7.0,43.0,77.0,101.0,225.0,282.0,349.0,410.0,670.0,859.0,867.0,873.0,1074.0,1620.0,2100.0,2515.0,2596.0,2601.0,2621.0,2640.0
Botswana,BWA,0.0,0.0,4.0,23.0,35.0,227.0,804.0,1633.0,3172.0,6642.0,10742.0,14805.0,21293.0,28371.0,39848.0,46934.0,54973.0,69680.0,106690.0,156927.0,179220.0,186594.0,195068.0
Central African Republic,CAF,0.0,0.0,3.0,50.0,1011.0,3745.0,4608.0,4711.0,4829.0,4866.0,4913.0,4963.0,4981.0,5004.0,5161.0,6411.0,7091.0,7141.0,7151.0,11296.0,11371.0,11518.0,11708.0
Canada,CAN,4.0,21.0,9246.0,56716.0,92488.0,106029.0,118297.0,130849.0,162736.0,238191.0,382708.0,587429.0,783735.0,871243.0,989493.0,1229305.0,1389814.0,1423170.0,1438457.0,1507092.0,1631647.0,1723506.0,1800867.0
Switzerland,CHE,0.0,18.0,16605.0,29586.0,30862.0,31714.0,35232.0,42177.0,53282.0,154251.0,327072.0,452296.0,521320.0,554932.0,601124.0,659974.0,694740.0,703004.0,717665.0,779666.0,840363.0,872558.0,1014662.0
Chile,CHL,0.0,2.0,2844.0,17702.0,123550.0,279393.0,355667.0,411726.0,462991.0,510256.0,551743.0,608973.0,727109.0,824625.0,995538.0,1198245.0,1384346.0,1555902.0,1615771.0,1638675.0,1654264.0,1695048.0,1762751.0
China,CHN,9783.0,79251.0,81524.0,82874.0,83017.0,83534.0,84337.0,85058.0,85412.0,85997.0,86542.0,87071.0,89564.0,89912.0,90217.0,90671.0,91122.0,91792.0,93007.0,94898.0,96162.0,97243.0,98824.0
Cote d'Ivoire,CIV,0.0,0.0,179.0,1275.0,2833.0,9499.0,16047.0,18067.0,19724.0,20716.0,21331.0,22490.0,28399.0,32754.0,43889.0,46036.0,47292.0,48305.0,50135.0,55669.0,60253.0,61297.0,61724.0
Cameroon,CMR,0.0,0.0,193.0,1832.0,5904.0,12592.0,17255.0,19142.0,20838.0,21793.0,24445.0,26277.0,29617.0,35714.0,47669.0,72250.0,78929.0,80858.0,82064.0,83425.0,92303.0,102499.0,106794.0
Democratic Republic of Congo,COD,0.0,0.0,98.0,572.0,3070.0,7039.0,9070.0,10097.0,10659.0,11306.0,12772.0,17658.0,22771.0,25913.0,28142.0,29853.0,31651.0,40836.0,49917.0,54863.0,56937.0,57470.0,58234.0
Congo,COG,0.0,0.0,19.0,220.0,611.0,1087.0,3200.0,3979.0,5089.0,5290.0,5774.0,7107.0,7887.0,8820.0,9681.0,10678.0,11658.0,12596.0,13186.0,13588.0,14244.0,17323.0,18970.0
Colombia,COL,0.0,0.0,906.0,6507.0,29383.0,97846.0,295508.0,615094.0,829679.0,1074184.0,1316806.0,1642775.0,2094884.0,2251690.0,2406377.0,2859724.0,3406456.0,4240982.0,4785320.0,4909086.0,4957277.0,5002387.0,5069644.0
Comoros,COM,0.0,0.0,0.0,1.0,106.0,303.0,378.0,423.0,479.0,545.0,611.0,823.0,2726.0,3571.0,3696.0,3834.0,3881.0,3936.0,4028.0,4068.0,4141.0,4259.0,4501.0
Cape Verde,CPV,0.0,0.0,6.0,121.0,435.0,1227.0,2451.0,3884.0,6024.0,8793.0,10761.0,11840.0,14070.0,15400.0,17470.0,23882.0,30439.0,32457.0,33791.0,35354.0,37576.0,38215.0,38370.0
Costa Rica,CRI,0.0,0.0,347.0,719.0,1056.0,3459.0,17820.0,41287.0,75760.0,109971.0,139638.0,169321.0,193276.0,204341.0,216764.0,250991.0,318986.0,367938.0,406814.0,463726.0,532185.0,559698.0,566839.0
Cuba,CUB,0.0,0.0,186.0,1501.0,2045.0,2341.0,2608.0,4032.0,5597.0,6887.0,8284.0,11863.0,26686.0,49779.0,75263.0,106707.0,142266.0,190993.0,384596.0,652855.0,877428.0,952001.0,962486.0
Cyprus,CYP,0.0,0.0,230.0,843.0,943.0,996.0,1084.0,1487.0,1743.0,4217.0,10383.0,22346.0,31227.0,34935.0,46105.0,66202.0,73483.0,76552.0,102926.0,115310.0,120143.0,124017.0,134473.0
Czech Republic,CZE,0.0,0.0,3308.0,7682.0,9268.0,11954.0,16574.0,24618.0,70763.0,335102.0,523298.0,718661.0,984774.0,1235480.0,1532332.0,1630758.0,1661272.0,1667287.0,1673576.0,1679189.0,1691489.0,1762902.0,2150042.0
Germany,DEU,5.0,79.0,71808.0,163009.0,183410.0,195418.0,210399.0,244802.0,292913.0,531790.0,1069912.0,1746929.0,2225659.0,2450295.0,2843644.0,3405365.0,3689921.0,3736205.0,3776724.0,3965681.0,4239773.0,4607958.0,5923564.0
Djibouti,DJI,0.0,0.0,30.0,1089.0,3354.0,4682.0,5084.0,5387.0,5416.0,5561.0,5679.0,5831.0,5932.0,6066.0,8002.0,11100.0,11533.0,11602.0,11651.0,11750.0,12811.0,13478.0,13504.0
Dominica,DMA,0.0,0.0,12.0,16.0,16.0,18.0,18.0,20.0,30.0,50.0,85.0,88.0,117.0,142.0,161.0,174.0,188.0,193.0,210.0,1638.0,3481.0,4823.0,6028.0
Denmark,DNK,0.0,3.0,2860.0,9158.0,11669.0,12768.0,13789.0,16985.0,27998.0,46351.0,80481.0,163479.0,198472.0,211195.0,230603.0,250554.0,281227.0,293677.0,316807.0,345693.0,358796.0,387783.0,487401.0
Dominican Republic,DOM,0.0,0.0,1109.0,6972.0,17285.0,32568.0,69649.0,94715.0,112209.0,127018.0,143988.0,170785.0,214060.0,239617.0,252727.0,266561.0,292786.0,325221.0,341905.0,350173.0,359047.0,381667.0,407251.0
Algeria,DZA,0.0,1.0,716.0,4006.0,9394.0,13907.0,30394.0,44494.0,51530.0,57942.0,83199.0,99610.0,107339.0,113092.0,117192.0,122108.0,128913.0,139626.0,171392.0,196080.0,203359.0,206452.0,210531.0
Ecuador,ECU,0.0,0.0,2240.0,24934.0,39098.0,56432.0,85355.0,113767.0,137047.0,168192.0,192685.0,212512.0,250828.0,286155.0,328755.0,381862.0,426037.0,458504.0,487372.0,501201.0,509238.0,515859.0,526870.0
Egypt,EGY,0.0,1.0,710.0,5537.0,24985.0,68311.0,94078.0,98939.0,103198.0,107555.0,115911.0,138062.0,165951.0,182424.0,202131.0,227552.0,262650.0,281282.0,284262.0,288441.0,304524.0,331017.0,358578.0
Eritrea,ERI,0.0,0.0,15.0,39.0,39.0,203.0,279.0,319.0,375.0,463.0,577.0,1320.0,2135.0,2847.0,3285.0,3671.0,4094.0,6009.0,6547.0,6642.0,6722.0,6834.0,7358.0
Spain,ESP,0.0,45.0,95923.0,213435.0,239479.0,249271.0,288522.0,462858.0,769188.0,1185678.0,1648187.0,1928265.0,2743119.0,3188553.0,3284353.0,3524077.0,3678390.0,3808960.0,4447044.0,4855065.0,4959091.0,5011148.0,5164184.0
Estonia,EST,0.0,1.0,745.0,1689.0,1869.0,1989.0,2064.0,2375.0,3371.0,4905.0,12308.0,27990.0,44208.0,65600.0,106424.0,122019.0,129544.0,131064.0,133557.0,141956.0,156257.0,193969.0,222584.0
Ethiopia,ETH,0.0,0.0,26.0,131.0,1172.0,5846.0,17530.0,52131.0,75368.0,96169.0,110074.0,124264.0,137650.0,159072.0,206589.0,257442.0,271541.0,276174.0,280365.0,308134.0,345674.0,365167.0,371536.0
Finland,FIN,1.0,3.0,1418.0,4995.0,6859.0,7214.0,7432.0,8086.0,9992.0,16113.0,24912.0,36107.0,45238.0,57672.0,77452.0,86808.0,92488.0,95742.0,106802.0,127182.0,141552.0,157531.0,186538.0
Fiji,FJI,0.0,0.0,5.0,18.0,18.0,18.0,27.0,28.0,32.0,34.0,42.0,49.0,55.0,59.0,67.0,117.0,438.0,4418.0,29781.0,46716.0,51023.0,52141.0,52506.0
France,FRA,5.0,100.0,51579.0,167326.0,187817.0,196554.0,215135.0,304349.0,578769.0,1374691.0,2223393.0,2616902.0,3186354.0,3732426.0,4611392.0,5571804.0,5609558.0,5707142.0,6043802.0,6605068.0,6843836.0,6988705.0,7486179.0
Faeroe Islands,FRO,0.0,0.0,169.0,187.0,187.0,187.0,225.0,411.0,467.0,495.0,503.0,610.0,654.0,658.0,661.0,664.0,718.0,776.0,983.0,1001.0,1178.0,2145.0,3626.0
Gabon,GAB,0.0,0.0,16.0,276.0,2655.0,5394.0,7352.0,8533.0,8766.0,8968.0,9214.0,9571.0,10748.0,14564.0,19550.0,23075.0,24429.0,24984.0,25384.0,25888.0,30155.0,35525.0,37342.0
United Kingdom,GBR,2.0,61.0,38484.0,177543.0,256145.0,283710.0,303181.0,335873.0,453264.0,1011660.0,1629657.0,2488780.0,3817176.0,4176554.0,4345788.0,4416623.0,4487339.0,4800907.0,5856528.0,6789581.0,7807036.0,9057629.0,10228772.0
Georgia,GEO,0.0,1.0,110.0,539.0,783.0,928.0,1168.0,1487.0,6192.0,38936.0,135584.0,227420.0,258111.0,270758.0,281761.0,310310.0,343963.0,366078.0,419534.0,549811.0,613012.0,719247.0,845643.0
Ghana,GHA,0.0,0.0,161.0,2074.0,8070.0,17741.0,35501.0,44298.0,46626.0,48055.0,51667.0,54771.0,67010.0,84023.0,90583.0,92562.0,93898.0,95914.0,103019.0,119436.0,127482.0,130077.0,130920.0
Guinea,GIN,0.0,0.0,22.0,1495.0,3706.0,5391.0,7308.0,9409.0,10652.0,12072.0,13119.0,13722.0,14546.0,15992.0,19908.0,22215.0,23177.0,23770.0,25688.0,29501.0,30411.0,30653.0,30770.0
Gambia,GMB,0.0,0.0,4.0,11.0,25.0,49.0,498.0,2963.0,3579.0,3672.0,3742.0,3797.0,4090.0,4712.0,5459.0,5898.0,5993.0,6079.0,7709.0,9698.0,9934.0,9965.0,9989.0
Greece,GRC,0.0,4.0,1156.0,2591.0,2917.0,3409.0,4477.0,10317.0,18475.0,39251.0,105271.0,138850.0,156957.0,191100.0,263689.0,345033.0,402306.0,422456.0,493304.0,587964.0,655767.0,742170.0,938903.0
Greenland,GRL,0.0,0.0,10.0,11.0,13.0,13.0,14.0,14.0,14.0,17.0,18.0,27.0,30.0,30.0,31.0,31.0,40.0,50.0,119.0,334.0,576.0,799.0,1456.0
Guatemala,GTM,0.0,0.0,38.0,599.0,5087.0,18096.0,49789.0,74074.0,91746.0,107939.0,122062.0,138012.0,159504.0,174542.0,193834.0,227671.0,254417.0,293583.0,368484.0,470277.0,560315.0,601572.0,617984.0
Guam,GUM,0.0,0.0,69.0,145.0,172.0,257.0,356.0,1395.0,2488.0,4681.0,6852.0,7308.0,7579.0,7736.0,7807.0,7964.0,8156.0,8357.0,8541.0,10559.0,15041.0,18208.0,19199.0
Guyana,GUY,0.0,0.0,12.0,82.0,153.0,245.0,413.0,1306.0,2894.0,4162.0,5406.0,6332.0,7641.0,8585.0,10249.0,13283.0,16952.0,20055.0,22523.0,25548.0,31827.0,35548.0,37874.0
Hong Kong,HKG,12.0,95.0,714.0,1037.0,1084.0,1205.0,3272.0,4810.0,5087.0,5323.0,6314.0,8846.0,10452.0,11005.0,11467.0,11774.0,11841.0,11923.0,11984.0,12112.0,12217.0,12346.0,12436.0
Honduras,HND,0.0,0.0,141.0,771.0,5202.0,19558.0,42014.0,61014.0,76900.0,96888.0,108253.0,121827.0,147843.0,170304.0,189043.0,212333.0,238227.0,262760.0,297111.0,338757.0,365994.0,375381.0,377859.0
Croatia,HRV,0.0,6.0,867.0,2076.0,2246.0,2777.0,5139.0,10269.0,16593.0,49316.0,128442.0,210837.0,232426.0,242973.0,271632.0,332183.0,356181.0,359872.0,363615.0,373998.0,404790.0,470348.0,608205.0
Haiti,HTI,0.0,0.0,15.0,76.0,1584.0,5847.0,7378.0,8209.0,8740.0,9054.0,9272.0,9999.0,11533.0,12430.0,12758.0,13056.0,14351.0,18562.0,20077.0,20896.0,21647.0,23960.0,25175.0
Hungary,HUN,0.0,0.0,492.0,2775.0,3876.0,4155.0,4505.0,6139.0,26461.0,75321.0,217122.0,322514.0,367586.0,428599.0,652433.0,779348.0,804538.0,808128.0,809491.0,812337.0,822705.0,863419.0,1103108.0
Indonesia,IDN,0.0,0.0,1528.0,10118.0,26473.0,56385.0,108376.0,174796.0,287008.0,410088.0,538883.0,743198.0,1078314.0,1334634.0,1511712.0,1668368.0,1821703.0,2178272.0,3409658.0,4089801.0,4215104.0,4244358.0,4256409.0
India,IND,1.0,3.0,1397.0,34863.0,190609.0,585481.0,1695988.0,3691166.0,6312584.0,8184082.0,9462809.0,10286709.0,10757610.0,11112241.0,12221665.0,19164969.0,28175044.0,30411634.0,31655824.0,32810845.0,33766707.0,34285814.0,34596776.0
Ireland,IRL,0.0,1.0,3235.0,20612.0,24990.0,25473.0,26065.0,28811.0,36155.0,61456.0,72544.0,91779.0,196547.0,219592.0,235854.0,248870.0,262043.0,271908.0,300976.0,352447.0,389932.0,445594.0,570115.0
Iran,IRN,0.0,593.0,44605.0,94640.0,151466.0,227662.0,304204.0,375212.0,457219.0,612772.0,962070.0,1225142.0,1417999.0,1631169.0,1885564.0,2499077.0,2913136.0,3204557.0,3871008.0,4992063.0,5587040.0,5924638.0,6117445.0
Iraq,IRQ,0.0,13.0,694.0,2085.0,6439.0,49109.0,124609.0,234934.0,362981.0,472630.0,552549.0,595291.0,619636.0,695489.0,850924.0,1065199.0,1201352.0,1345904.0,1626599.0,1888150.0,2003303.0,2055248.0,2081172.0
Iceland,ISL,0.0,1.0,1135.0,1797.0,1806.0,1824.0,1885.0,2107.0,2728.0,4865.0,5392.0,5754.0,6002.0,6049.0,6205.0,6472.0,6576.0,6649.0,7959.0,10789.0,11801.0,13492.0,17894.0
Israel,ISR,0.0,6.0,5717.0,15896.0,17079.0,25438.0,71734.0,116906.0,247411.0,314349.0,337191.0,423262.0,643435.0,775807.0,833105.0,838481.0,839475.0,841777.0,874018.0,1066352.0,1282218.0,1327458.0,1343660.0
Italy,ITA,2.0,1128.0,105792.0,205463.0,232997.0,240578.0,247537.0,269214.0,314861.0,679430.0,1601554.0,2107166.0,2553032.0,2925265.0,3584899.0,4022653.0,4217821.0,4259909.0,4350028.0,4539991.0,4672355.0,4771965.0,5028547.0
Jamaica,JAM,0.0,0.0,36.0,422.0,586.0,702.0,878.0,2459.0,6482.0,9094.0,10763.0,12827.0,15653.0,23263.0,39237.0,45578.0,48557.0,50124.0,52895.0,68131.0,83737.0,89014.0,91249.0
Jordan,JOR,0.0,0.0,274.0,453.0,739.0,1132.0,1193.0,2034.0,11825.0,72607.0,219430.0,294494.0,326855.0,391090.0,611577.0,711373.0,736534.0,751404.0,770712.0,797126.0,823919.0,862541.0,953943.0
Japan,JPN,15.0,245.0,2255.0,14284.0,16741.0,18605.0,36256.0,68385.0,83579.0,101323.0,148824.0,235749.0,390740.0,432636.0,475086.0,592771.0,746487.0,799583.0,926604.0,1494372.0,1705072.0,1722343.0,1726636.0
Kazakhstan,KAZ,0.0,0.0,343.0,3402.0,10858.0,22308.0,90367.0,130673.0,140707.0,149699.0,174563.0,201196.0,235844.0,262715.0,297472.0,375539.0,442935.0,482686.0,633469.0,863581.0,962842.0,1020264.0,1054972.0
Kenya,KEN,0.0,0.0,59.0,396.0,1962.0,6366.0,20636.0,34201.0,38529.0,55192.0,83618.0,96458.0,100773.0,105973.0,134058.0,159318.0,170735.0,184161.0,203213.0,235863.0,249434.0,253310.0,255088.0
Kyrgyz Republic,KGZ,0.0,0.0,107.0,746.0,1748.0,5506.0,35805.0,43898.0,46669.0,58878.0,73178.0,81034.0,84588.0,86251.0,88538.0,95275.0,104729.0,125003.0,162892.0,175734.0,178532.0,181259.0,183351.0
Cambodia,KHM,1.0,1.0,109.0,122.0,125.0,141.0,239.0,274.0,277.0,291.0,326.0,378.0,466.0,820.0,2440.0,13402.0,30094.0,50385.0,77243.0,93055.0,112651.0,118522.0,120134.0
Kiribati,KIR,0.0,0.0,0.0,0.0,0.0,0.0,0.0,0.0,0.0,0.0,0.0,0.0,0.0,0.0,0.0,0.0,2.0,2.0,2.0,2.0,2.0,2.0,2.0
South Korea,KOR,11.0,3150.0,9786.0,10774.0,11503.0,12850.0,14336.0,20182.0,23889.0,26635.0,34652.0,61769.0,78508.0,90031.0,103639.0,122634.0,140799.0,157723.0,199787.0,253445.0,313773.0,366386.0,452350.0
Kuwait,KWT,0.0,45.0,289.0,4024.0,27043.0,46195.0,66957.0,85109.0,105182.0,125926.0,142635.0,150584.0,165257.0,190852.0,232103.0,273991.0,309222.0,356687.0,397831.0,409860.0,411655.0,412678.0,413362.0
Laos,LAO,0.0,0.0,9.0,19.0,19.0,19.0,20.0,22.0,23.0,24.0,39.0,41.0,44.0,45.0,49.0,757.0,1912.0,2121.0,6299.0,15015.0,23846.0,40271.0,73738.0
Lebanon,LBN,0.0,4.0,470.0,725.0,1220.0,1778.0,4555.0,17308.0,39634.0,81228.0,127944.0,181503.0,301052.0,375050.0,468400.0,526578.0,540388.0,544866.0,561380.0,602266.0,624230.0,642024.0,670656.0
Liberia,LBR,0.0,0.0,3.0,141.0,280.0,770.0,1181.0,1303.0,1339.0,1426.0,1598.0,1800.0,1939.0,2010.0,2053.0,2099.0,2179.0,3900.0,5404.0,5594.0,5799.0,5812.0,5824.0
Libya,LBY,0.0,0.0,10.0,61.0,156.0,824.0,3621.0,13966.0,34525.0,61095.0,82809.0,100277.0,118631.0,133338.0,158957.0,177508.0,185776.0,193474.0,249114.0,308972.0,340084.0,357338.0,372636.0
Liechtenstein,LIE,0.0,0.0,69.0,83.0,83.0,83.0,89.0,108.0,120.0,576.0,1312.0,2221.0,2565.0,2648.0,2753.0,3021.0,3103.0,3131.0,3187.0,3391.0,3557.0,3662.0,4678.0
Sri Lanka,LKA,1.0,1.0,143.0,663.0,1633.0,2047.0,2815.0,3049.0,3380.0,10663.0,23987.0,43299.0,64157.0,83094.0,92706.0,108146.0,186364.0,259089.0,308812.0,440302.0,517377.0,541073.0,563989.0
Lesotho,LSO,0.0,0.0,0.0,0.0,2.0,27.0,604.0,1085.0,1595.0,1953.0,2109.0,3094.0,8664.0,10491.0,10706.0,10731.0,10831.0,11344.0,12908.0,14395.0,14395.0,21635.0,21779.0
Lithuania,LTU,0.0,1.0,468.0,1375.0,1667.0,1812.0,2069.0,2900.0,4688.0,14815.0,61311.0,141955.0,182543.0,199145.0,216119.0,247269.0,274383.0,278769.0,282818.0,298825.0,331683.0,408715.0,470298.0
Luxembourg,LUX,0.0,1.0,2178.0,3784.0,4018.0,4299.0,6695.0,6625.0,8509.0,17134.0,34678.0,46415.0,50388.0,55110.0,61642.0,67205.0,69932.0,70787.0,73870.0,75760.0,78219.0,81683.0,89181.0
Latvia,LVA,0.0,0.0,398.0,858.0,1066.0,1118.0,1231.0,1396.0,1824.0,5894.0,17075.0,40904.0,66241.0,86186.0,102363.0,118558.0,133199.0,137429.0,138863.0,142637.0,158291.0,219139.0,253659.0
Macao,MAC,7.0,10.0,41.0,45.0,45.0,46.0,46.0,46.0,46.0,46.0,46.0,46.0,47.0,48.0,48.0,49.0,51.0,54.0,59.0,63.0,71.0,77.0,77.0
Morocco,MAR,0.0,0.0,617.0,4423.0,7807.0,12533.0,24322.0,62590.0,123653.0,219084.0,356336.0,439193.0,471157.0,483654.0,496097.0,511249.0,519216.0,531361.0,623528.0,860948.0,933071.0,946145.0,949917.0
Monaco,MCO,0.0,1.0,52.0,95.0,99.0,103.0,120.0,154.0,218.0,359.0,609.0,875.0,1489.0,1956.0,2288.0,2454.0,2504.0,2577.0,2889.0,3201.0,3314.0,3414.0,3738.0
Moldova,MDA,0.0,0.0,353.0,3897.0,8251.0,16613.0,24733.0,36920.0,53042.0,76040.0,107364.0,144818.0,159804.0,185453.0,230241.0,250837.0,255186.0,256734.0,259478.0,267526.0,294392.0,337768.0,363774.0
Madagascar,MDG,0.0,0.0,57.0,128.0,771.0,2214.0,10868.0,14863.0,16408.0,17111.0,17341.0,17714.0,19065.0,19831.0,24426.0,37014.0,41342.0,42216.0,42663.0,42869.0,42898.0,43626.0,44330.0
Mexico,MEX,0.0,4.0,1215.0,19224.0,90664.0,226089.0,424637.0,599560.0,743216.0,924962.0,1113543.0,1426094.0,1864260.0,2086938.0,2238887.0,2344755.0,2413742.0,2519269.0,2848252.0,3352410.0,3664223.0,3807211.0,3884566.0
Mali,MLI,0.0,0.0,28.0,490.0,1265.0,2181.0,2535.0,2776.0,3118.0,3554.0,4710.0,7090.0,8091.0,8376.0,10042.0,13858.0,14267.0,14426.0,14584.0,14889.0,15219.0,16073.0,17434.0
Malta,MLT,0.0,0.0,169.0,465.0,618.0,670.0,824.0,1883.0,3058.0,6042.0,9873.0,12774.0,17903.0,22482.0,29033.0,30292.0,30535.0,30623.0,34295.0,36171.0,37149.0,37653.0,39435.0
Myanmar,MMR,0.0,0.0,15.0,151.0,224.0,299.0,353.0,882.0,13373.0,52706.0,90713.0,124630.0,140145.0,141896.0,142434.0,142817.0,143629.0,157277.0,299185.0,399282.0,464076.0,500073.0,522402.0
Mongolia,MNG,0.0,0.0,12.0,38.0,179.0,220.0,291.0,304.0,313.0,346.0,801.0,1220.0,1814.0,2952.0,8841.0,37285.0,58439.0,115478.0,164155.0,213820.0,304084.0,360317.0,382082.0
Mozambique,MOZ,0.0,0.0,8.0,76.0,254.0,889.0,1864.0,3916.0,8728.0,12869.0,15701.0,18642.0,38654.0,59350.0,67579.0,69917.0,70795.0,76404.0,122028.0,146316.0,150723.0,151292.0,151548.0
Mauritania,MRT,0.0,0.0,6.0,8.0,530.0,4363.0,6310.0,7048.0,7502.0,7703.0,8601.0,14364.0,16635.0,17207.0,17847.0,18402.0,19547.0,20808.0,25691.0,33580.0,36030.0,37320.0,39266.0
Mauritius,MUS,0.0,0.0,143.0,332.0,335.0,341.0,344.0,356.0,381.0,441.0,504.0,527.0,569.0,610.0,1028.0,1209.0,1375.0,1898.0,3913.0,10676.0,15695.0,17698.0,21543.0
Malawi,MWI,0.0,0.0,0.0,37.0,284.0,1224.0,4078.0,5566.0,5773.0,5930.0,6028.0,6583.0,23963.0,31945.0,33551.0,34078.0,34338.0,36126.0,52347.0,60494.0,61580.0,61796.0,61916.0
Malaysia,MYS,8.0,29.0,2766.0,6002.0,7819.0,8639.0,8976.0,9340.0,11224.0,31548.0,65697.0,113010.0,214959.0,300752.0,345500.0,408713.0,572357.0,751979.0,1113272.0,1746254.0,2245695.0,2471642.0,2632782.0
Namibia,NAM,0.0,0.0,11.0,16.0,24.0,205.0,2129.0,7550.0,11265.0,12935.0,14380.0,23941.0,33944.0,38845.0,44139.0,48351.0,55549.0,89917.0,118922.0,125046.0,127589.0,128927.0,129187.0
Niger,NER,0.0,0.0,27.0,719.0,958.0,1075.0,1134.0,1176.0,1197.0,1220.0,1548.0,3323.0,4517.0,4740.0,5001.0,5228.0,5410.0,5489.0,5623.0,5849.0,6008.0,6366.0,7007.0
Nigeria,NGA,0.0,1.0,135.0,1932.0,10162.0,25694.0,43151.0,54008.0,58848.0,62853.0,67557.0,87607.0,131242.0,155657.0,162891.0,165110.0,166518.0,167618.0,173908.0,192431.0,205779.0,211961.0,214218.0
Nicaragua,NIC,0.0,0.0,5.0,14.0,759.0,2519.0,3672.0,4494.0,5170.0,5514.0,5784.0,6046.0,6253.0,6445.0,6677.0,6898.0,7324.0,8178.0,9470.0,11735.0,14448.0,16422.0,17254.0
Netherlands,NLD,0.0,6.0,12595.0,39316.0,46442.0,50273.0,54301.0,70667.0,120845.0,351178.0,523478.0,796981.0,978475.0,1088690.0,1272616.0,1496352.0,1649460.0,1685000.0,1865511.0,1941055.0,2003050.0,2132052.0,2643176.0
Norway,NOR,0.0,15.0,4641.0,7738.0,8440.0,8879.0,9240.0,10782.0,14027.0,20331.0,36150.0,49567.0,62966.0,71006.0,96079.0,112970.0,125116.0,131316.0,137627.0,160174.0,189431.0,207280.0,267843.0
Nepal,NPL,1.0,1.0,5.0,57.0,1572.0,13564.0,19771.0,39460.0,77817.0,170743.0,233452.0,260593.0,270959.0,274143.0,277309.0,323187.0,561302.0,638805.0,695389.0,762647.0,795061.0,812570.0,821366.0
New Zealand,NZL,0.0,1.0,647.0,1479.0,1504.0,1528.0,1562.0,1752.0,1848.0,1959.0,2059.0,2162.0,2304.0,2378.0,2501.0,2613.0,2673.0,2742.0,2873.0,3569.0,4291.0,6594.0,11723.0
Oman,OMN,0.0,6.0,192.0,2348.0,11437.0,40070.0,79159.0,85722.0,98585.0,114434.0,123699.0,128867.0,134326.0,141496.0,159218.0,193253.0,217224.0,268545.0,295857.0,302300.0,303769.0,304291.0,304554.0
Pakistan,PAK,0.0,4.0,2118.0,18114.0,72460.0,213470.0,278305.0,295849.0,312806.0,333970.0,400482.0,482178.0,546428.0,581365.0,672931.0,825519.0,922824.0,958408.0,1034837.0,1163688.0,1246538.0,1273560.0,1285254.0
Panama,PAN,0.0,0.0,1181.0,6532.0,13463.0,33550.0,65256.0,92982.0,112595.0,133598.0,165806.0,246790.0,320379.0,340915.0,355051.0,364576.0,378097.0,403778.0,435655.0,457487.0,467113.0,472664.0,477742.0
Peru,PER,0.0,0.0,1065.0,36976.0,164476.0,285213.0,407492.0,647166.0,811768.0,900180.0,962530.0,1015137.0,1138239.0,1323863.0,1548807.0,1799445.0,1955469.0,2052065.0,2111393.0,2149591.0,2175305.0,2201796.0,2236351.0
Philippines,PHL,1.0,3.0,2084.0,8488.0,18086.0,37514.0,93354.0,220819.0,311694.0,380729.0,431630.0,474064.0,525618.0,576352.0,747288.0,1037460.0,1230301.0,1412559.0,1588965.0,1989857.0,2549966.0,2787276.0,2832734.0
Papua New Guinea,PNG,0.0,0.0,1.0,8.0,8.0,11.0,72.0,459.0,534.0,589.0,656.0,780.0,851.0,1275.0,5991.0,10997.0,15910.0,17098.0,17717.0,17838.0,20221.0,29715.0,35179.0
Poland,POL,0.0,0.0,2311.0,12877.0,23786.0,34393.0,45688.0,67372.0,91514.0,362731.0,990811.0,1294878.0,1513385.0,1706986.0,2321717.0,2792142.0,2872283.0,2879912.0,2882939.0,2888670.0,2907071.0,3025247.0,3540061.0
Puerto Rico,PRI,0.0,0.0,239.0,949.0,1288.0,1693.0,5997.0,15476.0,24000.0,34138.0,52545.0,76291.0,93624.0,100297.0,107470.0,131956.0,138757.0,140058.0,146801.0,170826.0,181248.0,185282.0,188448.0
Portugal,PRT,0.0,0.0,7443.0,25045.0,32500.0,42141.0,51072.0,58012.0,75542.0,141279.0,298061.0,413678.0,720516.0,804562.0,821722.0,836493.0,849093.0,879557.0,968631.0,1037927.0,1069279.0,1090651.0,1147249.0
Paraguay,PRY,0.0,0.0,69.0,266.0,986.0,2221.0,5338.0,17662.0,40758.0,63185.0,82424.0,107932.0,133227.0,159474.0,214667.0,279077.0,355384.0,423282.0,452388.0,458528.0,459967.0,461006.0,463058.0
Palestine,PSE,0.0,0.0,119.0,344.0,448.0,2428.0,11837.0,22729.0,39899.0,53520.0,85647.0,138004.0,158962.0,183612.0,242353.0,296462.0,308350.0,314167.0,316738.0,342282.0,403716.0,452997.0,460053.0
Qatar,QAT,0.0,1.0,781.0,13409.0,56910.0,96088.0,110695.0,118778.0,125760.0,132556.0,138833.0,143834.0,151335.0,163664.0,179964.0,205652.0,217458.0,222071.0,226239.0,232744.0,236643.0,239247.0,243447.0
Kosovo,RKS,0.0,0.0,106.0,799.0,1070.0,2799.0,8330.0,13454.0,15620.0,19328.0,39596.0,51144.0,60218.0,68451.0,89181.0,103638.0,107002.0,107758.0,108365.0,144986.0,160072.0,160762.0,161091.0
Romania,ROU,0.0,3.0,2245.0,12240.0,19257.0,26970.0,50886.0,87540.0,127572.0,241339.0,475362.0,632263.0,728743.0,801994.0,952803.0,1055265.0,1077737.0,1080792.0,1083189.0,1098765.0,1233668.0,1648031.0,1779667.0
Russia,RUS,2.0,2.0,2337.0,106498.0,405843.0,646929.0,838461.0,992402.0,1170799.0,1606267.0,2275936.0,3127347.0,3808348.0,4198400.0,4494234.0,4750755.0,5013512.0,5449594.0,6185249.0,6820697.0,7401104.0,8377984.0,9468640.0
Rwanda,RWA,0.0,0.0,75.0,243.0,370.0,1025.0,2022.0,4063.0,4840.0,5137.0,5934.0,8383.0,15304.0,18850.0,21783.0,25116.0,26963.0,39047.0,70698.0,87627.0,97517.0,99698.0,100349.0
Saudi Arabia,SAU,0.0,0.0,1563.0,22753.0,85261.0,190823.0,275905.0,315772.0,334605.0,347282.0,357360.0,362741.0,368074.0,377383.0,390007.0,417363.0,450436.0,487592.0,525730.0,543318.0,547134.0,548617.0,549752.0
Sudan,SDN,0.0,0.0,7.0,375.0,4800.0,9372.0,11579.0,13189.0,13646.0,13804.0,18045.0,25500.0,29380.0,30347.0,31833.0,33944.0,35495.0,36658.0,37138.0,37709.0,38283.0,40433.0,43084.0
Senegal,SEN,0.0,0.0,175.0,933.0,3645.0,6793.0,10232.0,13611.0,14982.0,15616.0,16089.0,19140.0,26523.0,34520.0,38705.0,40344.0,41416.0,43128.0,62290.0,72805.0,73775.0,73917.0,73987.0
Singapore,SGP,13.0,102.0,926.0,16169.0,34884.0,43907.0,52205.0,56812.0,57765.0,58015.0,58218.0,58599.0,59536.0,59936.0,60381.0,61145.0,62051.0,62579.0,64981.0,67620.0,96521.0,198374.0,264725.0
Solomon Islands,SLB,0.0,0.0,0.0,0.0,0.0,0.0,0.0,0.0,0.0,8.0,17.0,17.0,17.0,18.0,19.0,20.0,20.0,20.0,20.0,20.0,20.0,20.0,20.0
Sierra Leone,SLE,0.0,0.0,1.0,124.0,861.0,1462.0,1823.0,2022.0,2231.0,2366.0,2412.0,2611.0,3593.0,3887.0,3980.0,4054.0,4147.0,5575.0,6283.0,6367.0,6394.0,6397.0,6402.0
El Salvador,SLV,0.0,0.0,32.0,395.0,2517.0,6438.0,16632.0,25729.0,29077.0,33826.0,38941.0,46242.0,54966.0,60181.0,64726.0,69198.0,73702.0,78766.0,86620.0,94060.0,104348.0,113422.0,119803.0
San Marino,SMR,0.0,1.0,236.0,563.0,687.0,713.0,716.0,735.0,749.0,958.0,1609.0,2333.0,3025.0,3716.0,4732.0,5060.0,5090.0,5092.0,5143.0,5331.0,5440.0,5547.0,6039.0
Somalia,SOM,0.0,0.0,5.0,601.0,1976.0,2924.0,3212.0,3310.0,3588.0,3941.0,4451.0,4714.0,4784.0,7257.0,11398.0,13915.0,14662.0,14946.0,15403.0,17466.0,19980.0,21998.0,23016.0
Serbia,SRB,0.0,0.0,900.0,9009.0,11412.0,14564.0,25552.0,31406.0,33551.0,46954.0,175438.0,337923.0,395263.0,459259.0,600596.0,689557.0,712472.0,716562.0,721918.0,762933.0,941989.0,1142749.0,1254845.0
South Sudan,SSD,0.0,0.0,0.0,35.0,994.0,2007.0,2322.0,2527.0,2704.0,2905.0,3109.0,3558.0,3929.0,7926.0,10165.0,10583.0,10688.0,10834.0,11049.0,11436.0,12010.0,12361.0,12758.0
Suriname,SUR,0.0,0.0,9.0,10.0,23.0,515.0,1650.0,4034.0,4877.0,5203.0,5312.0,6210.0,8438.0,8929.0,9122.0,10363.0,14954.0,21732.0,25351.0,29293.0,41631.0,49019.0,50848.0
Slovak Republic,SVK,0.0,0.0,363.0,1396.0,1521.0,1667.0,2292.0,3917.0,10141.0,59823.0,121347.0,274603.0,436016.0,588671.0,707876.0,754078.0,771008.0,775011.0,776444.0,779767.0,804372.0,898926.0,1170200.0
Slovenia,SVN,0.0,0.0,802.0,1429.0,1473.0,1600.0,2156.0,2883.0,5690.0,34307.0,75814.0,122152.0,166473.0,190081.0,215602.0,240292.0,253722.0,257335.0,259215.0,267198.0,293364.0,335850.0,420898.0
Sweden,SWE,0.0,14.0,4834.0,21601.0,38661.0,67924.0,77076.0,84379.0,92863.0,124355.0,243129.0,437379.0,566957.0,657309.0,804886.0,973604.0,1068473.0,1089990.0,1100040.0,1126813.0,1152886.0,1171512.0,1204859.0
Eswatini,SWZ,0.0,0.0,9.0,100.0,285.0,812.0,2648.0,4577.0,5482.0,5917.0,6419.0,9358.0,15711.0,17014.0,17337.0,18458.0,18595.0,19084.0,25979.0,43371.0,45924.0,46421.0,46656.0
Seychelles,SYC,0.0,0.0,8.0,11.0,11.0,81.0,114.0,131.0,141.0,152.0,172.0,226.0,1186.0,2592.0,4114.0,5838.0,11468.0,15671.0,18328.0,20038.0,21473.0,22243.0,23417.0
Syria,SYR,0.0,0.0,10.0,43.0,122.0,279.0,757.0,2765.0,4200.0,5728.0,7887.0,11434.0,14048.0,15588.0,18909.0,22733.0,24495.0,25515.0,25963.0,27915.0,34205.0,43146.0,48170.0
Chad,TCD,0.0,0.0,7.0,73.0,778.0,866.0,936.0,1013.0,1200.0,1483.0,1688.0,2113.0,3376.0,3973.0,4533.0,4817.0,4931.0,4951.0,4973.0,4992.0,5038.0,5069.0,5107.0
Togo,TGO,0.0,0.0,34.0,116.0,442.0,650.0,941.0,1400.0,1784.0,2331.0,2974.0,3633.0,5074.0,6901.0,10249.0,12967.0,13466.0,13917.0,15798.0,21261.0,25429.0,26079.0,26265.0
Thailand,THA,19.0,42.0,1651.0,2954.0,3081.0,3171.0,3310.0,3412.0,3569.0,3784.0,4008.0,7163.0,19618.0,26031.0,28863.0,65153.0,159792.0,259301.0,597287.0,1204729.0,1603475.0,1912024.0,2115872.0
Tajikistan,TJK,0.0,0.0,0.0,0.0,3807.0,5900.0,7366.0,8550.0,9726.0,10977.0,12155.0,13665.0,13714.0,13714.0,13714.0,13714.0,13714.0,13905.0,15482.0,17252.0,17484.0,17486.0,17493.0
Turkmenistan,TKM,,,,,,,,,,,,,,,,,,,,,,,
Timor-Leste,TLS,0.0,0.0,1.0,24.0,24.0,24.0,24.0,27.0,28.0,30.0,30.0,44.0,70.0,113.0,604.0,2276.0,6994.0,9222.0,10898.0,16682.0,19498.0,19790.0,19823.0
Tonga,TON,0.0,0.0,0.0,0.0,0.0,0.0,0.0,0.0,0.0,0.0,0.0,0.0,0.0,0.0,0.0,0.0,0.0,0.0,0.0,0.0,0.0,1.0,1.0
Trinidad and Tobago,TTO,0.0,0.0,87.0,116.0,117.0,130.0,169.0,1759.0,4531.0,5692.0,6669.0,7150.0,7564.0,7713.0,8026.0,10824.0,23909.0,32793.0,38811.0,44847.0,50709.0,57329.0,71361.0
Tunisia,TUN,0.0,0.0,394.0,994.0,1077.0,1174.0,1535.0,3803.0,18413.0,59813.0,96769.0,139140.0,208885.0,233277.0,254018.0,309119.0,345474.0,420103.0,589565.0,664034.0,707190.0,712747.0,717572.0
Turkey,TUR,0.0,0.0,13531.0,120204.0,163942.0,199906.0,230873.0,270133.0,318663.0,375367.0,638847.0,2208652.0,2477463.0,2701588.0,3317182.0,4820591.0,5249404.0,5425652.0,5727045.0,6388301.0,7154040.0,8032958.0,8797558.0
Taiwan,TWN,10.0,39.0,322.0,429.0,442.0,447.0,467.0,488.0,514.0,555.0,675.0,799.0,911.0,955.0,1030.0,1128.0,8511.0,14804.0,15674.0,15995.0,16223.0,16412.0,16601.0
Tanzania,TZA,0.0,0.0,19.0,480.0,509.0,509.0,509.0,509.0,509.0,509.0,509.0,509.0,509.0,509.0,509.0,509.0,509.0,509.0,1017.0,1367.0,1367.0,26154.0,26270.0
Uganda,UGA,0.0,0.0,44.0,83.0,417.0,889.0,1154.0,2972.0,8129.0,12495.0,20459.0,35216.0,39579.0,40357.0,40867.0,41866.0,47147.0,79977.0,93927.0,119915.0,123572.0,126171.0,127550.0
Ukraine,UKR,0.0,0.0,645.0,10406.0,23672.0,45254.0,71404.0,124132.0,214446.0,399330.0,752343.0,1086997.0,1261546.0,1395528.0,1725029.0,2124070.0,2260899.0,2300101.0,2333409.0,2384564.0,2533301.0,3058108.0,3606622.0
Uruguay,URY,0.0,0.0,338.0,643.0,823.0,936.0,1264.0,1595.0,2046.0,3124.0,5857.0,19119.0,41738.0,57994.0,105549.0,198428.0,294503.0,369350.0,381517.0,384934.0,388928.0,393899.0,399695.0
United States,USA,8.0,25.0,192079.0,1080973.0,1799142.0,2642482.0,4566403.0,6025522.0,7234441.0,9170212.0,13686969.0,20164082.0,26316263.0,28718763.0,30532921.0,32424229.0,33345017.0,33745703.0,35064270.0,39354087.0,43503534.0,46007627.0,48560466.0
Uzbekistan,UZB,0.0,0.0,172.0,2039.0,3623.0,8503.0,24009.0,41893.0,56717.0,66932.0,73094.0,77060.0,78711.0,79926.0,82869.0,90808.0,100335.0,110677.0,129327.0,156394.0,173895.0,185963.0,193208.0
Venezuela,VEN,0.0,0.0,135.0,333.0,1510.0,5832.0,18574.0,46728.0,75122.0,92013.0,102394.0,113558.0,126927.0,139116.0,160497.0,197683.0,234165.0,272712.0,305766.0,334343.0,368968.0,407151.0,431296.0
United States Virgin Islands,VIR,0.0,0.0,30.0,66.0,69.0,81.0,406.0,1134.0,1318.0,1376.0,1544.0,2036.0,2421.0,2646.0,2907.0,3125.0,3442.0,3879.0,4629.0,5924.0,6758.0,7204.0,7511.0
Vietnam,VNM,2.0,16.0,212.0,270.0,328.0,355.0,558.0,1044.0,1094.0,1180.0,1347.0,1465.0,1817.0,2448.0,2603.0,2928.0,7432.0,17052.0,150060.0,462096.0,790755.0,921122.0,1238082.0
Vanuatu,VUT,0.0,0.0,0.0,0.0,0.0,0.0,0.0,0.0,0.0,0.0,1.0,1.0,1.0,1.0,3.0,4.0,4.0,4.0,4.0,4.0,4.0,6.0,6.0
Yemen,YEM,0.0,0.0,0.0,6.0,323.0,1158.0,1728.0,1958.0,2034.0,2063.0,2077.0,2099.0,2121.0,2285.0,4357.0,6317.0,6742.0,6920.0,7061.0,7869.0,9067.0,9791.0,10004.0
South Africa,ZAF,0.0,0.0,1353.0,5647.0,32683.0,151209.0,493183.0,627041.0,674339.0,725452.0,790004.0,1057161.0,1453761.0,1513393.0,1548157.0,1581210.0,1665617.0,1973972.0,2447454.0,2777659.0,2902672.0,2922116.0,2968052.0
Zambia,ZMB,0.0,0.0,35.0,106.0,1057.0,1594.0,5963.0,12097.0,14759.0,16432.0,17647.0,20725.0,54217.0,78534.0,88418.0,91586.0,95263.0,154948.0,195816.0,206327.0,209046.0,209734.0,210169.0
Zimbabwe,ZWE,0.0,0.0,8.0,40.0,178.0,591.0,3169.0,6497.0,7838.0,8367.0,9950.0,13867.0,33388.0,36089.0,36882.0,38257.0,38961.0,49864.0,108860.0,124773.0,130820.0,132977.0,134625.0
